{
	"system" : {
		"platform" : "windows64",
		"os_name" : "Windows 10",
		"os_version" : "10.0"
	},
	"error" : {
		"executable" : "quartus",
		"comment" : "not_applicable",
		"error_message" : "",
		"source_file" : "/quartus/sys/qgq/qgq_main_window.cpp",
		"line" : "593",
		"stack_trace" : "\t0x7ff863937d64: SYS_QGQ + 0x7d64 (?on_new_action@QGQ_MAIN_WINDOW@@MEAAXXZ + 0x44)\n\t0x7ff842c06e92: SYS_QUI + 0x56e92 (?qt_static_metacall@QUI_FRAME_WND@@CAXPEAVQObject@@W4Call@QMetaObject@@HPEAPEAX@Z + 0x872)\n\t 0x7232c420: QtCore4 + 0x11c420 (?activate@QMetaObject@@SAXPEAVQObject@@PEBU1@HPEAPEAX@Z + 0x520)\n\t 0x7250a23f: QtGui4 + 0xa23f (?activate@QAction@@QEAAXW4ActionEvent@1@@Z + 0xdf)\n\t 0x728439b5: QtGui4 + 0x3439b5 (?click@QAbstractButton@@QEAAXXZ + 0x135)\n\t 0x72844899: QtGui4 + 0x344899 (?mouseReleaseEvent@QAbstractButton@@MEAAXPEAVQMouseEvent@@@Z + 0x59)\n\t 0x728f031e: QtGui4 + 0x3f031e (?mouseReleaseEvent@QToolButton@@MEAAXPEAVQMouseEvent@@@Z + 0xe)\n\t 0x72560794: QtGui4 + 0x60794 (?event@QWidget@@MEAA_NPEAVQEvent@@@Z + 0xd4)\n\t 0x72522e95: QtGui4 + 0x22e95 (?notify_helper@QApplicationPrivate@@QEAA_NPEAVQObject@@PEAVQEvent@@@Z + 0xf5)\n\t 0x72521a8e: QtGui4 + 0x21a8e (?notify@QApplication@@UEAA_NPEAVQObject@@PEAVQEvent@@@Z + 0x71e)\n\t 0x7231d92b: QtCore4 + 0x10d92b (?notifyInternal@QCoreApplication@@AEAA_NPEAVQObject@@PEAVQEvent@@@Z + 0x7b)\n\t 0x72525cfe: QtGui4 + 0x25cfe (?sendMouseEvent@QApplicationPrivate@@SA_NPEAVQWidget@@PEAVQMouseEvent@@00PEAPEAV2@AEAV?$QPointer@VQWidget@@@@_N@Z + 0x1de)\n\t 0x725856f0: QtGui4 + 0x856f0 (?trUtf8@QScrollBar@@SA?AVQString@@PEBD0H@Z + 0x1440)\n\t 0x725890b1: QtGui4 + 0x890b1 (?winMouseButtonUp@QApplication@@SAXXZ + 0x2761)\n\t0x7ff887b41c23: USER32 + 0x11c23 (CallWindowProcW + 0x4f3)\n\t0x7ff887b4156b: USER32 + 0x1156b (DispatchMessageW + 0x1bb)\n\t 0x72342802: QtCore4 + 0x132802 (?processEvents@QEventDispatcherWin32@@UEAA_NV?$QFlags@W4ProcessEventsFlag@QEventLoop@@@@@Z + 0x3e2)\n\t 0x72580eb4: QtGui4 + 0x80eb4 (?openPopup@QApplicationPrivate@@QEAAXPEAVQWidget@@@Z + 0x204)\n\t 0x7231a88b: QtCore4 + 0x10a88b (?exec@QEventLoop@@QEAAHV?$QFlags@W4ProcessEventsFlag@QEventLoop@@@@@Z + 0x22b)\n\t 0x7231ce6f: QtCore4 + 0x10ce6f (?exec@QCoreApplication@@SAHXZ + 0xdf)\n\t0x7ff61ab2197b: quartus + 0x197b (?qgq_main@@YAHHPEAPEBD@Z + 0x7b)\n\t0x7ff842d83328: CCL_MSG + 0x13328 (?msg_main_thread@@YAPEAXPEAX@Z + 0x18)\n\t0x7ff842d84b0e: CCL_MSG + 0x14b0e (?msg_thread_wrapper@@YAPEAXP6APEAXPEAX@Z0@Z + 0x6e)\n\t0x7ff85e7f5b00: ccl_mem + 0x15b00 (?mem_thread_wrapper@@YAPEAXP6APEAXPEAX@Z0@Z + 0x70)\n\t0x7ff842d82a11: CCL_MSG + 0x12a11 (?msg_exe_main@@YAHHPEAPEBDP6AHH0@Z@Z + 0xa1)\n\t0x7ff61ab224e7: quartus + 0x24e7 (WinMain + 0x127)\n\t0x7ff61ab21e58: quartus + 0x1e58 (__tmainCRTStartup + 0x148)\n\t0x7ff887558363: KERNEL32 + 0x8363 (BaseThreadInitThunk + 0x13)\n\t0x7ff889ab70d0: ntdll + 0x670d0 (RtlUserThreadStart + 0x20)\n",
		"subsystem" : "QGQ"
	},
	"quartus" : {
		"quartus_bits" : "64",
		"version" : "16.1.0",
		"build" : "196",
		"edition" : "Lite Edition"
	}
}