{
	"partitions" : [
		{
			"name" : "Top",
			"pins" : [
				{
					"name" : "f[0]",
					"strict" : false
				},
				{
					"name" : "f[1]",
					"strict" : false
				},
				{
					"name" : "f[2]",
					"strict" : false
				},
				{
					"name" : "f[3]",
					"strict" : false
				},
				{
					"name" : "flag",
					"strict" : false
				},
				{
					"name" : "a[0]",
					"strict" : false
				},
				{
					"name" : "b[0]",
					"strict" : false
				},
				{
					"name" : "op[2]",
					"strict" : false
				},
				{
					"name" : "op[1]",
					"strict" : false
				},
				{
					"name" : "a[1]",
					"strict" : false
				},
				{
					"name" : "op[3]",
					"strict" : false
				},
				{
					"name" : "op[0]",
					"strict" : false
				},
				{
					"name" : "b[1]",
					"strict" : false
				},
				{
					"name" : "a[2]",
					"strict" : false
				},
				{
					"name" : "b[2]",
					"strict" : false
				},
				{
					"name" : "a[3]",
					"strict" : false
				},
				{
					"name" : "b[3]",
					"strict" : false
				}
			]
		}
	]
}