{
	"partitions" : [
		{
			"name" : "Top",
			"pins" : [
				{
					"name" : "z[0]",
					"strict" : false
				},
				{
					"name" : "z[1]",
					"strict" : false
				},
				{
					"name" : "z[2]",
					"strict" : false
				},
				{
					"name" : "z[3]",
					"strict" : false
				},
				{
					"name" : "cout",
					"strict" : false
				},
				{
					"name" : "x[0]",
					"strict" : false
				},
				{
					"name" : "x[1]",
					"strict" : false
				},
				{
					"name" : "x[2]",
					"strict" : false
				},
				{
					"name" : "x[3]",
					"strict" : false
				},
				{
					"name" : "y[3]",
					"strict" : false
				},
				{
					"name" : "y[2]",
					"strict" : false
				},
				{
					"name" : "y[1]",
					"strict" : false
				},
				{
					"name" : "y[0]",
					"strict" : false
				},
				{
					"name" : "sel",
					"strict" : false
				}
			]
		}
	]
}